customer_id,customer_name,gender,city,phone,email,signup_date
6001,Rajan Sharma,M,Mumbai,8710638396,rajan@example.com,2022-03-17
6002,Rajan Patel,M,Bangalore,8975853504,rajan@example.com,2023-10-01
6003,Usha Pandey,F,Mumbai,9088752129,usha@example.com,2025-10-19
6004,Sunita Rao,F,Bangalore,8989387336,sunita@example.com,2024-05-04
6005,Kritika Patel,M,Kolkata,9991649151,kritika@example.com,2025-11-19
6006,Manasa Rao,M,Kolkata,7489353174,manasa@example.com,2025-12-24
6007,Manasa Pandey,F,Mumbai,9638315969,manasa@example.com,2025-09-05
6008,Swathi Mehta,M,Pune,9835655066,swathi@example.com,2023-06-02
6009,Kritika Shah,M,Bangalore,9468364761,kritika@example.com,2025-01-17
6010,Swathi Pandey,M,Kolkata,8336657499,swathi@example.com,2024-01-07
6011,Rajan Sharma,F,Hyderabad,8916776607,rajan@example.com,2025-12-31
6012,Manasa Shah,F,Pune,7923506685,manasa@example.com,2024-03-08
6013,Arjun Tiwari,M,Mumbai,8371408717,arjun@example.com,2025-11-03
6014,Kritika Pandey,M,Mumbai,7297161841,kritika@example.com,2023-06-07
6015,Rajan Mehta,F,Bangalore,7240760535,rajan@example.com,2025-04-28
6016,Manasa Tiwari,M,Kolkata,9146847708,manasa@example.com,2025-06-08
6017,Manasa Tiwari,F,Chennai,7903236756,manasa@example.com,2022-01-05
6018,Vandana Tiwari,F,Kolkata,8439238467,vandana@example.com,2025-04-10
6019,Kritika Shah,F,Chennai,7854772414,kritika@example.com,2022-01-26
6020,Vandana Tiwari,F,Mumbai,7135152095,vandana@example.com,2025-06-07
6021,Manasa Shah,F,Bangalore,7822741912,manasa@example.com,2023-03-29
6022,Kritika Sharma,M,Hyderabad,9077161085,kritika@example.com,2022-09-02
6023,Rajan Rao,F,Kolkata,8371030356,rajan@example.com,2024-07-11
6024,Vandana Rao,F,Kolkata,9501411387,vandana@example.com,2025-03-16
6025,Arjun Shah,M,Kolkata,7649963564,arjun@example.com,2022-12-16
6026,Sunita Kaur,F,Mumbai,9925194807,sunita@example.com,2025-07-11
6027,Tarun Pandey,M,Pune,9361927114,tarun@example.com,2025-09-13
6028,Manasa Mehta,F,Hyderabad,9639042004,manasa@example.com,2024-09-13
6029,Swathi Mehta,M,Delhi,9019570811,swathi@example.com,2023-04-27
6030,Vandana Kaur,M,Pune,7832371303,vandana@example.com,2022-12-16
6031,Usha Tiwari,F,Pune,9714690138,usha@example.com,2024-04-05
6032,Vandana Tiwari,F,Mumbai,8607481245,vandana@example.com,2022-03-18
6033,Vandana Mehta,F,Bangalore,9753333626,vandana@example.com,2025-09-26
6034,Sachin Tiwari,M,Chennai,7134135959,sachin@example.com,2023-02-12
6035,Sunita Patel,F,Hyderabad,8529497828,sunita@example.com,2022-09-12
6036,Arjun Rao,F,Pune,9454297195,arjun@example.com,2026-02-08
6037,Sachin Kaur,F,Pune,7168172697,sachin@example.com,2024-04-28
6038,Vandana Patel,M,Chennai,9756939171,vandana@example.com,2025-08-13
6039,Manasa Tiwari,M,Chennai,7058054124,manasa@example.com,2025-06-22
6040,Kritika Shah,F,Chennai,9727807541,kritika@example.com,2023-04-17
6041,Sachin Tiwari,M,Pune,8704565813,sachin@example.com,2022-04-20
6042,Swathi Rao,F,Delhi,9070983714,swathi@example.com,2022-12-06
6043,Arjun Kaur,M,Kolkata,8330646532,arjun@example.com,2025-04-27
6044,Kritika Pandey,F,Pune,7295074510,kritika@example.com,2025-03-18
6045,Kritika Rao,M,Delhi,8825415544,kritika@example.com,2024-05-17
6046,Swathi Pandey,F,Hyderabad,8786248721,swathi@example.com,2024-04-02
6047,Sunita Kaur,F,Bangalore,7461395435,sunita@example.com,2026-01-12
6048,Swathi Pandey,F,Hyderabad,9565146372,swathi@example.com,2022-06-01
6049,Sunita Patel,F,Delhi,9205689302,sunita@example.com,2023-03-09
6050,Sachin Patel,M,Kolkata,9039339577,sachin@example.com,2025-08-04
6051,Rajan Pandey,M,Kolkata,7240098759,rajan@example.com,2023-09-02
6052,Usha Mehta,F,Kolkata,9067137265,usha@example.com,2022-10-23
6053,Usha Mehta,F,Hyderabad,7885684336,usha@example.com,2023-08-22
6054,Rajan Sharma,M,Chennai,9685500797,rajan@example.com,2023-12-01
6055,Rajan Sharma,F,Pune,9591412728,rajan@example.com,2023-01-17
6056,Arjun Patel,M,Delhi,9842162216,arjun@example.com,2024-05-06
6057,Manasa Pandey,F,Bangalore,7851587359,manasa@example.com,2024-05-30
6058,Arjun Tiwari,M,Mumbai,9006546078,arjun@example.com,2025-04-08
6059,Sunita Kaur,F,Hyderabad,9364407000,sunita@example.com,2025-06-18
6060,Tarun Pandey,M,Hyderabad,9125899361,tarun@example.com,2025-08-25
6061,Rajan Tiwari,M,Chennai,9845636862,rajan@example.com,2025-10-09
6062,Sachin Shah,M,Pune,8739093948,sachin@example.com,2022-09-14
6063,Vandana Mehta,M,Delhi,8841726382,vandana@example.com,2023-01-16
6064,Usha Rao,F,Pune,8674140386,usha@example.com,2025-03-06
6065,Sunita Patel,M,Hyderabad,7923086829,sunita@example.com,2023-03-05
6066,Sachin Kaur,F,Kolkata,9113180795,sachin@example.com,2023-09-13
6067,Manasa Shah,F,Bangalore,8038410387,manasa@example.com,2023-11-19
6068,Sachin Mehta,F,Chennai,7122758779,sachin@example.com,2025-11-02
6069,Sachin Shah,F,Delhi,7241681738,sachin@example.com,2024-09-22
6070,Vandana Pandey,M,Chennai,8170222544,vandana@example.com,2023-04-11
6071,Kritika Pandey,M,Hyderabad,8747962067,kritika@example.com,2024-12-25
6072,Swathi Sharma,F,Mumbai,9596696625,swathi@example.com,2024-03-03
6073,Rajan Tiwari,F,Bangalore,8363406172,rajan@example.com,2024-09-20
6074,Rajan Sharma,M,Kolkata,9086884720,rajan@example.com,2025-07-17
6075,Sunita Tiwari,F,Pune,7844254978,sunita@example.com,2025-03-24
6076,Sunita Patel,F,Mumbai,7950415612,sunita@example.com,2022-01-14
6077,Arjun Sharma,F,Delhi,8212091283,arjun@example.com,2024-02-06
6078,Manasa Patel,F,Kolkata,7977430210,manasa@example.com,2022-01-02
6079,Rajan Rao,F,Kolkata,7834356680,rajan@example.com,2025-06-22
6080,Usha Mehta,F,Mumbai,8293643853,usha@example.com,2022-05-26
6081,Tarun Mehta,M,Pune,9271339623,tarun@example.com,2022-05-27
6082,Tarun Pandey,F,Delhi,8466206473,tarun@example.com,2024-07-13
6083,Sachin Shah,F,Hyderabad,8598229739,sachin@example.com,2023-01-11
6084,Sunita Rao,F,Mumbai,8853126988,sunita@example.com,2024-05-17
6085,Manasa Patel,M,Bangalore,7712612067,manasa@example.com,2023-12-19
6086,Sachin Shah,M,Chennai,7386098551,sachin@example.com,2022-06-23
6087,Tarun Tiwari,M,Mumbai,8298385906,tarun@example.com,2025-11-23
6088,Rajan Rao,F,Mumbai,9508929932,rajan@example.com,2023-01-09
6089,Tarun Patel,F,Mumbai,7087449509,tarun@example.com,2026-02-07
6090,Manasa Kaur,F,Chennai,8734688701,manasa@example.com,2022-12-21
6091,Swathi Rao,M,Hyderabad,9107921278,swathi@example.com,2024-08-19
6092,Usha Patel,F,Kolkata,7346742966,usha@example.com,2022-11-28
6093,Manasa Shah,F,Delhi,9890618814,manasa@example.com,2024-10-27
6094,Kritika Sharma,M,Kolkata,9092768080,kritika@example.com,2022-08-10
6095,Kritika Kaur,M,Pune,7505900728,kritika@example.com,2022-06-03
6096,Vandana Patel,M,Kolkata,8358629998,vandana@example.com,2023-05-05
6097,Tarun Kaur,F,Delhi,9658257885,tarun@example.com,2025-01-05
6098,Sachin Patel,F,Kolkata,8826204210,sachin@example.com,2024-01-06
6099,Kritika Pandey,M,Bangalore,7048736881,kritika@example.com,2025-07-05
6100,Manasa Mehta,F,Delhi,7341391187,manasa@example.com,2024-02-14
6101,Sunita Mehta,F,Pune,8962070856,sunita@example.com,2024-11-09
6102,Arjun Tiwari,F,Pune,8160664532,arjun@example.com,2023-09-15
6103,Kritika Rao,F,Mumbai,9103035940,kritika@example.com,2023-05-18
6104,Arjun Patel,M,Chennai,8705643058,arjun@example.com,2025-01-02
6105,Swathi Mehta,F,Bangalore,9812198664,swathi@example.com,2024-02-08
6106,Arjun Shah,F,Chennai,7393413888,arjun@example.com,2022-10-10
6107,Kritika Rao,F,Hyderabad,8579366921,kritika@example.com,2022-02-20
6108,Tarun Shah,M,Chennai,9248876608,tarun@example.com,2024-01-06
6109,Arjun Sharma,M,Bangalore,7318072959,arjun@example.com,2025-02-14
6110,Sachin Tiwari,F,Kolkata,7738973885,sachin@example.com,2023-07-13
6111,Arjun Tiwari,M,Kolkata,8533290754,arjun@example.com,2025-03-27
6112,Swathi Mehta,F,Bangalore,7542496058,swathi@example.com,2023-03-08
6113,Sunita Tiwari,M,Chennai,7562178494,sunita@example.com,2025-03-08
6114,Kritika Patel,M,Hyderabad,8223062351,kritika@example.com,2022-12-16
6115,Arjun Shah,M,Pune,9814492156,arjun@example.com,2022-08-29
6116,Sachin Patel,M,Pune,9195195450,sachin@example.com,2025-02-21
6117,Rajan Patel,M,Hyderabad,9962148334,rajan@example.com,2022-10-22
6118,Sunita Patel,F,Bangalore,8999128840,sunita@example.com,2022-12-29
6119,Sachin Sharma,M,Pune,8050455641,sachin@example.com,2025-08-23
6120,Sachin Tiwari,F,Bangalore,8779573408,sachin@example.com,2026-03-24
6121,Sunita Tiwari,F,Chennai,8695559520,sunita@example.com,2022-12-04
6122,Vandana Shah,F,Pune,7822474934,vandana@example.com,2026-02-23
6123,Sachin Tiwari,F,Bangalore,8532561124,sachin@example.com,2024-11-26
6124,Vandana Tiwari,M,Mumbai,8931787865,vandana@example.com,2023-12-16
6125,Manasa Tiwari,F,Delhi,7921135037,manasa@example.com,2026-03-01
6126,Arjun Sharma,F,Bangalore,9003536027,arjun@example.com,2026-01-09
6127,Arjun Rao,F,Hyderabad,7142418112,arjun@example.com,2024-01-29
6128,Kritika Mehta,M,Hyderabad,8353133812,kritika@example.com,2023-07-15
6129,Rajan Kaur,M,Chennai,7820805048,rajan@example.com,2022-07-23
6130,Rajan Rao,M,Chennai,8541906614,rajan@example.com,2022-03-15
6131,Sachin Rao,M,Hyderabad,8517270789,sachin@example.com,2024-09-09
6132,Swathi Mehta,M,Hyderabad,7576711079,swathi@example.com,2025-01-11
6133,Arjun Pandey,F,Delhi,8593532127,arjun@example.com,2024-02-18
6134,Usha Patel,M,Delhi,8343076602,usha@example.com,2025-02-14
6135,Vandana Rao,F,Hyderabad,9010237792,vandana@example.com,2025-09-14
6136,Sunita Pandey,F,Mumbai,9289136282,sunita@example.com,2024-11-30
6137,Swathi Kaur,F,Bangalore,8636511674,swathi@example.com,2023-01-25
6138,Swathi Sharma,M,Mumbai,8311607752,swathi@example.com,2025-04-21
6139,Sunita Shah,M,Mumbai,7935572084,sunita@example.com,2025-03-27
6140,Swathi Sharma,M,Mumbai,7399034197,swathi@example.com,2022-07-23
6141,Vandana Patel,F,Pune,7881210084,vandana@example.com,2023-07-19
6142,Manasa Sharma,M,Pune,9279428923,manasa@example.com,2025-04-03
6143,Kritika Tiwari,F,Delhi,7967078521,kritika@example.com,2024-04-20
6144,Tarun Sharma,M,Mumbai,7932371978,tarun@example.com,2025-06-20
6145,Kritika Sharma,F,Pune,8182913308,kritika@example.com,2025-12-18
6146,Arjun Rao,F,Hyderabad,9951696133,arjun@example.com,2024-01-23
6147,Kritika Patel,F,Mumbai,7793631788,kritika@example.com,2022-02-17
6148,Arjun Rao,F,Pune,8720705283,arjun@example.com,2024-06-04
6149,Rajan Patel,F,Kolkata,9487154536,rajan@example.com,2026-02-17
6150,Arjun Tiwari,M,Mumbai,8241044317,arjun@example.com,2026-02-28
6151,Rajan Patel,F,Delhi,7130123663,rajan@example.com,2025-02-21
6152,Usha Kaur,M,Delhi,8610650134,usha@example.com,2022-08-31
6153,Tarun Kaur,F,Bangalore,7623654459,tarun@example.com,2025-01-08
6154,Usha Mehta,M,Delhi,8603807508,usha@example.com,2025-05-26
6155,Vandana Kaur,M,Mumbai,7127203734,vandana@example.com,2023-08-18
6156,Swathi Kaur,M,Delhi,9475297627,swathi@example.com,2022-02-23
6157,Usha Mehta,M,Bangalore,7901602984,usha@example.com,2022-04-20
6158,Rajan Pandey,F,Chennai,8960089474,rajan@example.com,2024-02-23
6159,Sachin Patel,M,Pune,7295094805,sachin@example.com,2025-02-21
6160,Tarun Tiwari,M,Bangalore,9248437294,tarun@example.com,2025-08-12
6161,Kritika Mehta,M,Hyderabad,9322249815,kritika@example.com,2023-10-09
6162,Rajan Sharma,M,Bangalore,8240666694,rajan@example.com,2023-12-29
6163,Tarun Kaur,M,Delhi,9958263418,tarun@example.com,2024-11-27
6164,Sunita Mehta,F,Kolkata,8211239791,sunita@example.com,2022-09-24
6165,Sunita Kaur,F,Kolkata,9753891667,sunita@example.com,2023-02-01
6166,Sunita Sharma,F,Chennai,8965343839,sunita@example.com,2025-09-06
6167,Sunita Pandey,M,Bangalore,8546570017,sunita@example.com,2023-04-10
6168,Usha Kaur,F,Chennai,9975924431,usha@example.com,2023-12-04
6169,Usha Pandey,M,Kolkata,7212823853,usha@example.com,2025-04-28
6170,Swathi Rao,M,Pune,9333590163,swathi@example.com,2026-03-19
6171,Swathi Mehta,M,Kolkata,8141916017,swathi@example.com,2024-02-25
6172,Rajan Tiwari,F,Pune,7865812815,rajan@example.com,2023-01-20
6173,Manasa Rao,F,Mumbai,9047290101,manasa@example.com,2025-04-15
6174,Sunita Patel,M,Bangalore,8802789253,sunita@example.com,2023-09-16
6175,Rajan Patel,F,Hyderabad,9123256074,rajan@example.com,2024-02-09
6176,Kritika Mehta,F,Kolkata,7871041545,kritika@example.com,2025-06-07
6177,Manasa Kaur,M,Bangalore,9344467509,manasa@example.com,2025-04-20
6178,Vandana Mehta,F,Pune,9029560783,vandana@example.com,2023-04-02
6179,Vandana Sharma,M,Kolkata,8456319353,vandana@example.com,2026-01-01
6180,Sachin Tiwari,M,Hyderabad,9296063686,sachin@example.com,2025-01-09
6181,Usha Patel,M,Chennai,8719709051,usha@example.com,2024-08-25
6182,Sunita Mehta,M,Mumbai,8265539407,sunita@example.com,2024-07-05
6183,Vandana Sharma,F,Bangalore,7629268879,vandana@example.com,2022-03-07
6184,Sunita Sharma,M,Delhi,7366261953,sunita@example.com,2024-04-13
6185,Sunita Mehta,F,Bangalore,8075881922,sunita@example.com,2024-07-01
6186,Vandana Pandey,M,Chennai,9219890239,vandana@example.com,2025-07-18
6187,Tarun Patel,M,Chennai,9680113668,tarun@example.com,2025-10-26
6188,Sunita Tiwari,F,Kolkata,8944068496,sunita@example.com,2025-02-27
6189,Kritika Mehta,F,Kolkata,7010352356,kritika@example.com,2023-08-26
6190,Manasa Mehta,M,Pune,8561683353,manasa@example.com,2025-08-30
6191,Vandana Sharma,M,Chennai,7104886033,vandana@example.com,2024-05-02
6192,Arjun Sharma,F,Chennai,9785311798,arjun@example.com,2022-05-20
6193,Sunita Patel,M,Hyderabad,9181909177,sunita@example.com,2024-03-31
6194,Tarun Kaur,F,Mumbai,8218478315,tarun@example.com,2025-09-25
6195,Swathi Rao,F,Kolkata,9324287798,swathi@example.com,2026-03-03
6196,Arjun Rao,F,Mumbai,8640077899,arjun@example.com,2024-06-27
6197,Tarun Mehta,F,Bangalore,7960826296,tarun@example.com,2026-01-15
6198,Kritika Tiwari,F,Chennai,9408360725,kritika@example.com,2024-03-19
6199,Manasa Patel,M,Bangalore,9145212775,manasa@example.com,2023-05-23
6200,Usha Kaur,M,Kolkata,7074513218,usha@example.com,2025-12-08
6201,Rajan Patel,F,Delhi,9893751255,rajan@example.com,2023-04-25
6202,Arjun Kaur,M,Delhi,9750881410,arjun@example.com,2023-10-07
6203,Usha Rao,F,Hyderabad,9623557859,usha@example.com,2022-05-31
6204,Sunita Shah,F,Chennai,8036564111,sunita@example.com,2023-10-22
6205,Tarun Mehta,M,Delhi,8456326271,tarun@example.com,2022-12-15
6206,Tarun Sharma,M,Pune,8545989910,tarun@example.com,2022-01-08
6207,Arjun Mehta,F,Bangalore,7175431802,arjun@example.com,2023-07-31
6208,Kritika Rao,M,Delhi,9527655734,kritika@example.com,2024-09-13
6209,Vandana Patel,M,Bangalore,8549576512,vandana@example.com,2022-06-10
6210,Rajan Sharma,M,Hyderabad,8212320553,rajan@example.com,2022-03-05
6211,Manasa Mehta,F,Bangalore,9029671238,manasa@example.com,2024-03-10
6212,Tarun Kaur,F,Mumbai,7218546980,tarun@example.com,2023-12-15
6213,Tarun Pandey,F,Hyderabad,9591995898,tarun@example.com,2026-01-16
6214,Swathi Pandey,M,Delhi,7738877475,swathi@example.com,2023-06-27
6215,Swathi Patel,F,Hyderabad,9052714456,swathi@example.com,2022-04-14
6216,Kritika Shah,M,Pune,9205892694,kritika@example.com,2025-04-09
6217,Sachin Shah,F,Pune,7908282938,sachin@example.com,2024-03-01
6218,Arjun Pandey,F,Kolkata,9327502838,arjun@example.com,2023-04-23
6219,Usha Shah,M,Pune,9218642889,usha@example.com,2022-05-10
6220,Vandana Shah,F,Chennai,9878138288,vandana@example.com,2025-06-14
6221,Rajan Kaur,F,Kolkata,8462089732,rajan@example.com,2025-04-26
6222,Vandana Sharma,F,Bangalore,8287777101,vandana@example.com,2024-08-25
6223,Kritika Mehta,M,Hyderabad,7975254754,kritika@example.com,2026-03-14
6224,Sachin Sharma,F,Kolkata,9320414359,sachin@example.com,2022-07-24
6225,Kritika Mehta,M,Bangalore,9753476415,kritika@example.com,2025-02-18
6226,Rajan Rao,F,Pune,7043841195,rajan@example.com,2024-05-23
6227,Tarun Kaur,F,Delhi,9800305702,tarun@example.com,2025-08-08
6228,Arjun Patel,M,Mumbai,7334787575,arjun@example.com,2022-08-09
6229,Arjun Kaur,F,Kolkata,7097385899,arjun@example.com,2023-08-27
6230,Tarun Sharma,F,Pune,8242346323,tarun@example.com,2022-04-10
6231,Usha Sharma,F,Chennai,7140059747,usha@example.com,2023-07-20
6232,Manasa Mehta,F,Pune,8851011900,manasa@example.com,2025-05-05
6233,Sunita Shah,F,Mumbai,9521464859,sunita@example.com,2025-05-10
6234,Vandana Shah,F,Kolkata,8380595544,vandana@example.com,2024-04-24
6235,Kritika Kaur,M,Pune,8014587823,kritika@example.com,2023-11-13
6236,Tarun Sharma,F,Chennai,9534572720,tarun@example.com,2024-04-15
6237,Sunita Sharma,F,Delhi,8857341186,sunita@example.com,2022-07-15
6238,Vandana Kaur,F,Mumbai,9828833663,vandana@example.com,2025-04-06
6239,Sunita Sharma,F,Mumbai,7822921042,sunita@example.com,2023-08-28
6240,Sunita Mehta,F,Bangalore,7323269381,sunita@example.com,2025-10-14
6241,Kritika Sharma,M,Hyderabad,7631023822,kritika@example.com,2023-01-10
6242,Swathi Pandey,M,Pune,9563706626,swathi@example.com,2025-10-24
6243,Usha Mehta,M,Delhi,8729734461,usha@example.com,2024-08-07
6244,Arjun Rao,M,Delhi,9386685413,arjun@example.com,2022-09-06
6245,Arjun Kaur,M,Hyderabad,8436081044,arjun@example.com,2026-02-11
6246,Kritika Rao,M,Mumbai,8833135512,kritika@example.com,2024-03-01
6247,Sachin Rao,M,Delhi,8732836615,sachin@example.com,2026-03-19
6248,Sachin Tiwari,M,Chennai,8114047642,sachin@example.com,2024-02-06
6249,Kritika Kaur,F,Bangalore,8476681474,kritika@example.com,2023-04-19
6250,Vandana Sharma,M,Bangalore,7183761920,vandana@example.com,2022-11-05
6251,Vandana Pandey,M,Chennai,8524316001,vandana@example.com,2025-07-12
6252,Sachin Tiwari,F,Kolkata,9076007980,sachin@example.com,2022-02-07
6253,Rajan Kaur,F,Mumbai,8833861139,rajan@example.com,2022-11-19
6254,Vandana Pandey,M,Pune,7817879614,vandana@example.com,2024-12-30
6255,Arjun Rao,M,Pune,7107003769,arjun@example.com,2023-10-25
6256,Kritika Mehta,F,Pune,7049527348,kritika@example.com,2025-09-13
6257,Sunita Rao,F,Hyderabad,9437294371,sunita@example.com,2023-11-05
6258,Manasa Patel,M,Kolkata,8464078744,manasa@example.com,2024-08-01
6259,Sunita Shah,M,Kolkata,8128915382,sunita@example.com,2022-04-12
6260,Sunita Kaur,F,Hyderabad,9670934788,sunita@example.com,2022-04-25
6261,Sunita Tiwari,M,Bangalore,7989018728,sunita@example.com,2025-09-24
6262,Usha Shah,M,Mumbai,9467568413,usha@example.com,2024-11-06
6263,Swathi Sharma,M,Hyderabad,8174592846,swathi@example.com,2024-01-14
6264,Sunita Shah,M,Kolkata,8783312950,sunita@example.com,2024-12-14
6265,Kritika Kaur,F,Hyderabad,7515091386,kritika@example.com,2022-07-05
6266,Sunita Tiwari,M,Chennai,7995877749,sunita@example.com,2026-03-07
6267,Sachin Tiwari,F,Mumbai,7424000740,sachin@example.com,2025-05-15
6268,Vandana Rao,M,Pune,9915966860,vandana@example.com,2022-04-04
6269,Manasa Kaur,M,Chennai,8987401247,manasa@example.com,2023-05-04
6270,Sachin Kaur,F,Kolkata,7446591428,sachin@example.com,2025-05-26
6271,Vandana Patel,F,Hyderabad,8757341094,vandana@example.com,2025-12-17
6272,Rajan Patel,F,Mumbai,9193240560,rajan@example.com,2023-01-25
6273,Manasa Shah,M,Mumbai,9040061083,manasa@example.com,2024-04-19
6274,Arjun Mehta,M,Kolkata,8897463084,arjun@example.com,2023-02-20
6275,Sachin Rao,M,Pune,7781811193,sachin@example.com,2026-01-29
6276,Sachin Pandey,M,Delhi,7201529770,sachin@example.com,2025-12-28
6277,Sunita Kaur,M,Chennai,9534519929,sunita@example.com,2025-07-20
6278,Sachin Tiwari,M,Kolkata,9699077062,sachin@example.com,2023-05-18
6279,Usha Shah,F,Chennai,7876619684,usha@example.com,2023-08-06
6280,Usha Shah,F,Chennai,9851994957,usha@example.com,2024-11-27
6281,Sunita Tiwari,M,Mumbai,9377116885,sunita@example.com,2024-08-28
6282,Manasa Pandey,F,Chennai,7120626312,manasa@example.com,2022-01-24
6283,Sunita Sharma,F,Kolkata,9982138486,sunita@example.com,2023-04-28
6284,Sunita Shah,F,Hyderabad,9368185352,sunita@example.com,2023-11-23
6285,Tarun Shah,F,Chennai,7751021696,tarun@example.com,2022-04-13
6286,Vandana Sharma,M,Bangalore,9643711234,vandana@example.com,2025-01-09
6287,Usha Sharma,M,Delhi,9935705692,usha@example.com,2026-03-19
6288,Arjun Mehta,M,Pune,7935206311,arjun@example.com,2024-05-16
6289,Usha Shah,F,Pune,9915523825,usha@example.com,2022-12-29
6290,Sunita Kaur,M,Pune,7879369974,sunita@example.com,2025-01-25
6291,Manasa Rao,F,Pune,8416938009,manasa@example.com,2025-06-17
6292,Swathi Rao,M,Mumbai,8091963670,swathi@example.com,2025-12-16
6293,Sachin Patel,M,Bangalore,8864730824,sachin@example.com,2022-03-22
6294,Manasa Tiwari,M,Delhi,9909550845,manasa@example.com,2023-11-16
6295,Kritika Patel,M,Kolkata,7751731338,kritika@example.com,2025-03-27
6296,Arjun Patel,F,Hyderabad,8521392626,arjun@example.com,2025-08-13
6297,Rajan Shah,M,Chennai,8648683958,rajan@example.com,2023-09-10
6298,Tarun Rao,F,Mumbai,9568451043,tarun@example.com,2023-02-10
6299,Arjun Shah,M,Mumbai,9953662804,arjun@example.com,2022-04-19
6300,Vandana Tiwari,M,Chennai,7035191543,vandana@example.com,2025-04-09
6301,Arjun Rao,F,Delhi,7492326228,arjun@example.com,2024-12-28
6302,Swathi Shah,M,Delhi,8035231457,swathi@example.com,2024-10-14
6303,Swathi Kaur,F,Mumbai,8980000075,swathi@example.com,2025-07-11
6304,Sunita Rao,M,Chennai,9767750296,sunita@example.com,2025-11-23
6305,Tarun Sharma,M,Chennai,8307710761,tarun@example.com,2023-08-17
6306,Usha Rao,F,Pune,9973021039,usha@example.com,2024-04-04
6307,Tarun Patel,F,Mumbai,7223664013,tarun@example.com,2025-01-24
6308,Usha Sharma,F,Delhi,7059907784,usha@example.com,2024-06-28
6309,Arjun Patel,F,Mumbai,7585183789,arjun@example.com,2024-02-22
6310,Rajan Pandey,F,Chennai,9940554466,rajan@example.com,2025-06-13
6311,Arjun Rao,F,Bangalore,9866957313,arjun@example.com,2023-01-24
6312,Sachin Kaur,F,Hyderabad,8011690795,sachin@example.com,2024-11-09
6313,Vandana Rao,F,Pune,7037726644,vandana@example.com,2022-01-05
6314,Vandana Rao,M,Pune,8333832578,vandana@example.com,2023-12-10
6315,Kritika Pandey,M,Mumbai,7110392840,kritika@example.com,2024-05-30
6316,Rajan Shah,F,Mumbai,7201765642,rajan@example.com,2025-05-10
6317,Swathi Mehta,M,Kolkata,7362463686,swathi@example.com,2024-11-01
6318,Kritika Pandey,F,Hyderabad,7651953501,kritika@example.com,2024-07-05
6319,Sachin Kaur,F,Chennai,9020208657,sachin@example.com,2023-08-16
6320,Tarun Kaur,M,Bangalore,9661605354,tarun@example.com,2024-05-03
6321,Manasa Shah,F,Chennai,8068283093,manasa@example.com,2023-07-11
6322,Vandana Rao,F,Delhi,8983724128,vandana@example.com,2024-04-12
6323,Arjun Patel,M,Delhi,8216066093,arjun@example.com,2022-05-25
6324,Arjun Sharma,M,Delhi,7542629438,arjun@example.com,2025-06-18
6325,Swathi Tiwari,F,Delhi,9725443480,swathi@example.com,2023-05-06
6326,Sunita Kaur,F,Hyderabad,7283235461,sunita@example.com,2025-01-30
6327,Sachin Patel,F,Delhi,7783651342,sachin@example.com,2022-10-15
6328,Swathi Mehta,F,Hyderabad,7579496322,swathi@example.com,2025-09-23
6329,Kritika Rao,M,Delhi,9008924460,kritika@example.com,2024-10-17
6330,Usha Tiwari,F,Delhi,7543809201,usha@example.com,2022-01-15
6331,Tarun Pandey,M,Delhi,7287751646,tarun@example.com,2022-09-12
6332,Arjun Tiwari,M,Bangalore,7834891401,arjun@example.com,2023-12-24
6333,Swathi Tiwari,F,Bangalore,8570897156,swathi@example.com,2025-11-23
6334,Rajan Patel,F,Chennai,8635800251,rajan@example.com,2023-07-04
6335,Usha Tiwari,F,Bangalore,7584774884,usha@example.com,2022-03-28
6336,Swathi Shah,M,Mumbai,9944020113,swathi@example.com,2025-06-03
6337,Sunita Kaur,M,Pune,8581125533,sunita@example.com,2025-06-01
6338,Sachin Sharma,F,Pune,7152337073,sachin@example.com,2024-08-11
6339,Swathi Tiwari,M,Kolkata,9543874142,swathi@example.com,2022-07-01
6340,Usha Patel,M,Hyderabad,7568999748,usha@example.com,2024-07-17
6341,Arjun Sharma,M,Pune,9982742243,arjun@example.com,2022-07-21
6342,Manasa Patel,F,Chennai,7315635849,manasa@example.com,2025-04-11
6343,Arjun Rao,M,Delhi,8508503327,arjun@example.com,2023-07-22
6344,Sunita Patel,F,Kolkata,9353693105,sunita@example.com,2025-07-14
6345,Sunita Rao,M,Mumbai,8337238390,sunita@example.com,2024-10-07
6346,Sachin Rao,F,Delhi,8896762718,sachin@example.com,2025-11-05
6347,Sunita Shah,F,Mumbai,8844181113,sunita@example.com,2024-09-11
6348,Arjun Shah,M,Pune,9610415626,arjun@example.com,2023-01-25
6349,Sachin Mehta,M,Mumbai,7615577744,sachin@example.com,2022-11-03
6350,Sachin Mehta,M,Bangalore,7740763660,sachin@example.com,2025-08-08
6351,Sunita Tiwari,M,Bangalore,9083021123,sunita@example.com,2026-01-03
6352,Arjun Kaur,F,Chennai,7283732416,arjun@example.com,2022-11-17
6353,Sachin Shah,F,Mumbai,7234451536,sachin@example.com,2023-09-05
6354,Usha Tiwari,M,Hyderabad,8396069407,usha@example.com,2022-05-17
6355,Arjun Sharma,M,Hyderabad,7563068278,arjun@example.com,2024-09-30
6356,Manasa Sharma,F,Delhi,9222870542,manasa@example.com,2022-01-15
6357,Tarun Shah,M,Mumbai,9050288496,tarun@example.com,2023-09-18
6358,Usha Rao,F,Delhi,7146205524,usha@example.com,2024-04-05
6359,Sachin Pandey,F,Hyderabad,9258978763,sachin@example.com,2026-01-26
6360,Swathi Sharma,M,Bangalore,8301664402,swathi@example.com,2024-08-09
6361,Sachin Kaur,F,Kolkata,7923610507,sachin@example.com,2022-02-18
6362,Sunita Sharma,M,Hyderabad,7138141741,sunita@example.com,2024-12-18
6363,Vandana Pandey,M,Chennai,7206773875,vandana@example.com,2025-04-30
6364,Tarun Shah,F,Hyderabad,9453006132,tarun@example.com,2022-05-07
6365,Vandana Rao,M,Mumbai,7260819899,vandana@example.com,2023-09-29
6366,Sachin Kaur,M,Delhi,7179147796,sachin@example.com,2022-07-14
6367,Vandana Mehta,F,Hyderabad,8643410298,vandana@example.com,2026-01-15
6368,Manasa Patel,F,Kolkata,8688169904,manasa@example.com,2025-08-21
6369,Sunita Rao,M,Bangalore,8808160376,sunita@example.com,2025-05-26
6370,Arjun Tiwari,F,Kolkata,9869508715,arjun@example.com,2022-12-16
6371,Vandana Rao,M,Mumbai,9596896484,vandana@example.com,2023-12-15
6372,Vandana Mehta,F,Delhi,9022055392,vandana@example.com,2025-01-08
6373,Rajan Tiwari,M,Chennai,8352030765,rajan@example.com,2023-04-18
6374,Arjun Kaur,F,Bangalore,8033383385,arjun@example.com,2022-12-30
6375,Sunita Tiwari,F,Hyderabad,7186716577,sunita@example.com,2022-10-05
6376,Swathi Rao,M,Bangalore,9937990322,swathi@example.com,2022-08-21
6377,Sachin Mehta,F,Mumbai,9066550660,sachin@example.com,2023-06-09
6378,Sachin Pandey,F,Delhi,7476627859,sachin@example.com,2022-04-27
6379,Sachin Patel,F,Bangalore,9782922272,sachin@example.com,2023-10-06
6380,Usha Tiwari,M,Kolkata,9747154376,usha@example.com,2022-01-25
6381,Vandana Kaur,M,Bangalore,9586546278,vandana@example.com,2024-10-07
6382,Manasa Tiwari,M,Hyderabad,9982276634,manasa@example.com,2025-12-25
6383,Sunita Shah,M,Bangalore,9252989878,sunita@example.com,2022-07-29
6384,Swathi Pandey,F,Bangalore,9237234400,swathi@example.com,2025-04-23
6385,Swathi Mehta,F,Chennai,9312507493,swathi@example.com,2023-05-01
6386,Manasa Rao,F,Hyderabad,9139920485,manasa@example.com,2024-07-02
6387,Sunita Patel,F,Delhi,9645032090,sunita@example.com,2022-10-14
6388,Rajan Patel,F,Chennai,8461586590,rajan@example.com,2025-11-03
6389,Sunita Mehta,M,Bangalore,8672023886,sunita@example.com,2023-04-06
6390,Sachin Kaur,F,Pune,8139299639,sachin@example.com,2026-02-12
6391,Manasa Tiwari,F,Mumbai,9767191205,manasa@example.com,2025-06-02
6392,Vandana Kaur,M,Delhi,7367708889,vandana@example.com,2025-05-08
6393,Sunita Sharma,M,Delhi,7255125574,sunita@example.com,2022-10-04
6394,Kritika Patel,M,Delhi,9114933585,kritika@example.com,2025-09-02
6395,Arjun Patel,F,Hyderabad,8154079062,arjun@example.com,2023-05-07
6396,Tarun Pandey,M,Delhi,9766799954,tarun@example.com,2022-01-17
6397,Vandana Sharma,M,Mumbai,9850527002,vandana@example.com,2024-07-09
6398,Usha Rao,F,Mumbai,9973565866,usha@example.com,2023-01-02
6399,Usha Mehta,F,Kolkata,8369233324,usha@example.com,2023-01-19
6400,Arjun Pandey,M,Pune,7405821821,arjun@example.com,2023-04-09
6401,Tarun Tiwari,M,Pune,7232008871,tarun@example.com,2023-10-24
6402,Sachin Tiwari,F,Delhi,9473936317,sachin@example.com,2022-07-03
6403,Vandana Mehta,M,Kolkata,7395737591,vandana@example.com,2025-10-06
6404,Sunita Sharma,M,Hyderabad,9634476341,sunita@example.com,2024-02-03
6405,Swathi Pandey,F,Bangalore,9777513701,swathi@example.com,2025-02-09
6406,Tarun Shah,F,Hyderabad,7244731679,tarun@example.com,2023-11-09
6407,Swathi Tiwari,M,Hyderabad,8873662210,swathi@example.com,2023-11-26
6408,Sunita Shah,M,Hyderabad,8730066543,sunita@example.com,2023-01-02
6409,Usha Kaur,M,Mumbai,8319802131,usha@example.com,2022-12-26
6410,Vandana Mehta,F,Kolkata,9467430684,vandana@example.com,2025-12-11
6411,Kritika Shah,M,Chennai,9303970241,kritika@example.com,2022-11-01
6412,Vandana Mehta,F,Delhi,8358724911,vandana@example.com,2024-07-29
6413,Arjun Kaur,F,Chennai,9473013315,arjun@example.com,2023-02-19
6414,Swathi Rao,F,Hyderabad,7383458175,swathi@example.com,2024-04-22
6415,Sachin Shah,M,Pune,7661991581,sachin@example.com,2022-11-19
6416,Sunita Rao,M,Chennai,9596669224,sunita@example.com,2023-03-08
6417,Usha Kaur,M,Hyderabad,7139493596,usha@example.com,2023-09-13
6418,Sachin Mehta,M,Mumbai,7746538584,sachin@example.com,2024-03-27
6419,Swathi Patel,M,Mumbai,7429789578,swathi@example.com,2026-01-08
6420,Usha Rao,F,Pune,8994971679,usha@example.com,2023-08-11
6421,Kritika Sharma,M,Mumbai,9113523297,kritika@example.com,2025-06-04
6422,Tarun Kaur,M,Chennai,9226394398,tarun@example.com,2024-02-15
6423,Swathi Shah,M,Delhi,7802061128,swathi@example.com,2024-04-20
6424,Tarun Pandey,F,Mumbai,8856547513,tarun@example.com,2022-11-12
6425,Tarun Mehta,F,Pune,9959952211,tarun@example.com,2023-02-11
6426,Arjun Patel,M,Kolkata,9338348795,arjun@example.com,2025-08-16
6427,Manasa Pandey,F,Pune,8117401918,manasa@example.com,2025-04-02
6428,Sunita Tiwari,M,Hyderabad,9727366862,sunita@example.com,2023-03-03
6429,Swathi Shah,M,Delhi,7192428934,swathi@example.com,2025-04-07
6430,Tarun Shah,F,Pune,7315386334,tarun@example.com,2023-06-01
6431,Vandana Rao,M,Kolkata,9077869394,vandana@example.com,2022-08-19
6432,Swathi Shah,M,Bangalore,9938401486,swathi@example.com,2023-03-30
6433,Rajan Mehta,M,Bangalore,8054277256,rajan@example.com,2024-03-15
6434,Sunita Shah,F,Bangalore,7729399109,sunita@example.com,2023-08-23
6435,Rajan Patel,F,Hyderabad,9759191176,rajan@example.com,2024-04-04
6436,Usha Kaur,F,Hyderabad,8076829149,usha@example.com,2022-06-22
6437,Arjun Patel,M,Bangalore,8680433539,arjun@example.com,2022-09-22
6438,Sachin Mehta,M,Pune,8019172751,sachin@example.com,2023-12-26
6439,Sachin Patel,F,Chennai,7656843884,sachin@example.com,2022-02-04
6440,Rajan Rao,M,Kolkata,8037124349,rajan@example.com,2023-05-20
6441,Arjun Patel,M,Bangalore,7674421598,arjun@example.com,2022-11-29
6442,Sunita Mehta,M,Delhi,9001022838,sunita@example.com,2023-12-19
6443,Swathi Pandey,M,Chennai,9226433904,swathi@example.com,2024-02-06
6444,Tarun Rao,F,Mumbai,7453648590,tarun@example.com,2025-11-08
6445,Manasa Mehta,F,Delhi,9934936903,manasa@example.com,2022-08-17
6446,Tarun Mehta,F,Chennai,9122279770,tarun@example.com,2023-11-09
6447,Kritika Sharma,M,Delhi,8340341434,kritika@example.com,2023-11-13
6448,Arjun Kaur,F,Hyderabad,7054589455,arjun@example.com,2024-06-20
6449,Manasa Mehta,F,Mumbai,8242731434,manasa@example.com,2023-12-22
6450,Swathi Rao,F,Bangalore,9480089086,swathi@example.com,2025-06-01
6451,Sunita Shah,M,Pune,7734471344,sunita@example.com,2022-01-10
6452,Arjun Rao,M,Chennai,7349824164,arjun@example.com,2022-10-07
6453,Kritika Mehta,M,Hyderabad,9482003950,kritika@example.com,2025-02-07
6454,Tarun Shah,M,Kolkata,7413845010,tarun@example.com,2022-02-22
6455,Kritika Tiwari,M,Delhi,8597752304,kritika@example.com,2023-07-23
6456,Sachin Pandey,F,Chennai,7989072303,sachin@example.com,2022-09-22
6457,Sunita Mehta,F,Kolkata,9821371454,sunita@example.com,2022-07-28
6458,Manasa Sharma,F,Kolkata,9960922661,manasa@example.com,2024-12-12
6459,Usha Kaur,F,Chennai,7178643978,usha@example.com,2024-11-03
6460,Arjun Shah,F,Chennai,7261999460,arjun@example.com,2023-04-22
6461,Swathi Rao,M,Pune,7362457970,swathi@example.com,2024-09-04
6462,Usha Sharma,M,Mumbai,7455909709,usha@example.com,2024-11-27
6463,Arjun Rao,F,Pune,9216619130,arjun@example.com,2022-10-01
6464,Tarun Shah,M,Kolkata,9880693371,tarun@example.com,2024-10-22
6465,Sachin Shah,F,Hyderabad,7035107531,sachin@example.com,2022-07-29
6466,Kritika Kaur,M,Kolkata,7691542656,kritika@example.com,2025-06-17
6467,Sachin Patel,F,Mumbai,8535533481,sachin@example.com,2023-08-19
6468,Vandana Tiwari,M,Delhi,7512695060,vandana@example.com,2025-05-23
6469,Rajan Mehta,M,Hyderabad,7356269182,rajan@example.com,2025-07-14
6470,Vandana Tiwari,M,Chennai,8079751102,vandana@example.com,2024-05-01
6471,Sunita Mehta,F,Bangalore,9168265217,sunita@example.com,2024-08-15
6472,Tarun Tiwari,F,Chennai,8815551853,tarun@example.com,2023-06-09
6473,Arjun Kaur,F,Hyderabad,9363524806,arjun@example.com,2022-06-26
6474,Manasa Sharma,F,Chennai,8817252156,manasa@example.com,2024-05-30
6475,Usha Tiwari,M,Chennai,8384295148,usha@example.com,2022-01-26
6476,Manasa Rao,M,Pune,7481630902,manasa@example.com,2024-09-15
6477,Usha Mehta,F,Pune,8616145691,usha@example.com,2022-05-26
6478,Kritika Kaur,F,Bangalore,7731333147,kritika@example.com,2025-12-21
6479,Sunita Shah,F,Bangalore,7803937666,sunita@example.com,2024-10-20
6480,Tarun Pandey,F,Bangalore,7572989096,tarun@example.com,2025-02-12
6481,Arjun Kaur,M,Delhi,9079857080,arjun@example.com,2024-07-08
6482,Vandana Rao,M,Delhi,8757345891,vandana@example.com,2024-05-06
6483,Tarun Tiwari,M,Kolkata,8923322891,tarun@example.com,2024-03-01
6484,Sunita Rao,F,Hyderabad,9255986636,sunita@example.com,2022-10-13
6485,Manasa Pandey,M,Mumbai,9525607737,manasa@example.com,2024-07-20
6486,Swathi Kaur,M,Kolkata,8632412015,swathi@example.com,2025-07-03
6487,Rajan Mehta,F,Bangalore,8979065811,rajan@example.com,2024-06-12
6488,Usha Pandey,F,Hyderabad,9587635226,usha@example.com,2025-02-23
6489,Usha Kaur,M,Kolkata,8387176225,usha@example.com,2022-11-04
6490,Usha Mehta,M,Kolkata,9893385037,usha@example.com,2026-03-04
6491,Arjun Patel,F,Kolkata,9174582556,arjun@example.com,2023-03-28
6492,Kritika Shah,F,Pune,7386469355,kritika@example.com,2025-09-11
6493,Tarun Kaur,F,Bangalore,8660316511,tarun@example.com,2025-04-19
6494,Tarun Shah,F,Hyderabad,7669424970,tarun@example.com,2024-05-17
6495,Swathi Rao,F,Chennai,7695502074,swathi@example.com,2022-02-22
6496,Arjun Pandey,M,Bangalore,9246519086,arjun@example.com,2025-11-19
6497,Usha Rao,M,Kolkata,7317000168,usha@example.com,2024-12-19
6498,Manasa Rao,M,Delhi,9725533159,manasa@example.com,2022-12-25
6499,Sachin Patel,M,Pune,8997798759,sachin@example.com,2024-07-09
6500,Sunita Shah,F,Delhi,7406736405,sunita@example.com,2026-01-06
