store_id,product_id,quantity,closing_stock,opening_stock,inventory_date
1,2001,7,61,68,31/03/2026
1,2002,8,29,37,31/03/2026
1,2003,10,42,52,31/03/2026
1,2004,16,70,86,31/03/2026
1,2005,10,83,93,31/03/2026
1,2006,8,70,78,31/03/2026
1,2007,9,23,32,31/03/2026
1,2008,13,58,71,31/03/2026
1,2009,11,28,39,31/03/2026
1,2010,6,89,95,31/03/2026
1,2011,2,92,94,31/03/2026
1,2012,15,62,77,31/03/2026
1,2013,6,27,33,31/03/2026
1,2014,7,62,69,31/03/2026
1,2015,4,90,94,31/03/2026
1,2016,10,78,88,31/03/2026
1,2017,9,13,22,31/03/2026
1,2018,8,54,62,31/03/2026
1,2019,6,72,78,31/03/2026
1,2020,4,70,74,31/03/2026
1,2021,4,58,62,31/03/2026
1,2022,5,44,49,31/03/2026
1,2023,14,82,96,31/03/2026
1,2024,7,66,73,31/03/2026
1,2025,19,47,66,31/03/2026
1,2026,12,30,42,31/03/2026
1,2027,16,31,47,31/03/2026
1,2028,8,90,98,31/03/2026
1,2029,12,50,62,31/03/2026
1,2030,5,37,42,31/03/2026
1,2031,10,59,69,31/03/2026
1,2032,7,68,75,31/03/2026
1,2033,9,44,53,31/03/2026
1,2034,8,54,62,31/03/2026
1,2035,7,72,79,31/03/2026
1,2036,5,16,21,31/03/2026
1,2037,11,12,23,31/03/2026
1,2038,9,50,59,31/03/2026
1,2039,9,70,79,31/03/2026
1,2040,15,27,42,31/03/2026
1,2041,7,18,25,31/03/2026
1,2042,13,86,99,31/03/2026
1,2043,6,87,93,31/03/2026
1,2044,7,69,76,31/03/2026
1,2045,13,13,26,31/03/2026
1,2046,3,94,97,31/03/2026
1,2047,10,34,44,31/03/2026
1,2048,9,32,41,31/03/2026
1,2049,7,61,68,31/03/2026
1,2050,8,82,90,31/03/2026
1,2051,14,17,31,31/03/2026
1,2052,5,63,68,31/03/2026
1,2053,10,55,65,31/03/2026
1,2054,11,79,90,31/03/2026
1,2055,11,41,52,31/03/2026
1,2056,17,4,21,31/03/2026
1,2057,10,51,61,31/03/2026
1,2058,15,77,92,31/03/2026
1,2059,5,48,53,31/03/2026
1,2060,14,32,46,31/03/2026
1,2061,5,76,81,31/03/2026
1,2062,14,62,76,31/03/2026
1,2063,6,26,32,31/03/2026
1,2064,8,91,99,31/03/2026
1,2065,11,16,27,31/03/2026
1,2066,15,22,37,31/03/2026
1,2067,9,77,86,31/03/2026
1,2068,10,58,68,31/03/2026
1,2069,9,90,99,31/03/2026
1,2070,5,17,22,31/03/2026
1,2071,12,88,100,31/03/2026
1,2072,11,13,24,31/03/2026
1,2073,6,48,54,31/03/2026
1,2074,7,57,64,31/03/2026
1,2075,14,63,77,31/03/2026
1,2076,18,25,43,31/03/2026
1,2077,12,39,51,31/03/2026
1,2078,8,75,83,31/03/2026
1,2079,9,58,67,31/03/2026
1,2080,12,61,73,31/03/2026
1,2081,6,72,78,31/03/2026
1,2082,8,64,72,31/03/2026
1,2083,11,74,85,31/03/2026
1,2084,2,90,92,31/03/2026
1,2085,8,50,58,31/03/2026
1,2086,20,60,80,31/03/2026
1,2087,11,21,32,31/03/2026
1,2088,4,55,59,31/03/2026
1,2089,14,22,36,31/03/2026
1,2090,10,82,92,31/03/2026
1,2091,4,96,100,31/03/2026
1,2092,5,61,66,31/03/2026
1,2093,16,80,96,31/03/2026
1,2094,6,53,59,31/03/2026
1,2095,12,39,51,31/03/2026
1,2096,13,62,75,31/03/2026
1,2097,11,61,72,31/03/2026
1,2098,7,28,35,31/03/2026
1,2099,10,36,46,31/03/2026
1,2100,14,11,25,31/03/2026
1,2101,13,13,26,31/03/2026
1,2102,8,29,37,31/03/2026
1,2103,13,29,42,31/03/2026
1,2104,7,17,24,31/03/2026
1,2105,14,67,81,31/03/2026
1,2106,10,27,37,31/03/2026
1,2107,11,76,87,31/03/2026
1,2108,8,79,87,31/03/2026
1,2109,18,31,49,31/03/2026
1,2110,7,77,84,31/03/2026
1,2111,5,17,22,31/03/2026
1,2112,5,67,72,31/03/2026
1,2113,12,47,59,31/03/2026
1,2114,6,35,41,31/03/2026
1,2115,12,40,52,31/03/2026
1,2116,4,52,56,31/03/2026
1,2117,13,27,40,31/03/2026
1,2118,13,18,31,31/03/2026
1,2119,11,77,88,31/03/2026
1,2120,5,80,85,31/03/2026
2,2001,9,29,38,31/03/2026
2,2002,13,66,79,31/03/2026
2,2003,14,8,22,31/03/2026
2,2004,6,26,32,31/03/2026
2,2005,11,20,31,31/03/2026
2,2006,3,77,80,31/03/2026
2,2007,9,90,99,31/03/2026
2,2008,7,44,51,31/03/2026
2,2009,10,50,60,31/03/2026
2,2010,5,40,45,31/03/2026
2,2011,10,39,49,31/03/2026
2,2012,10,19,29,31/03/2026
2,2013,5,50,55,31/03/2026
2,2014,13,18,31,31/03/2026
2,2015,7,45,52,31/03/2026
2,2016,7,83,90,31/03/2026
2,2017,8,30,38,31/03/2026
2,2018,8,24,32,31/03/2026
2,2019,11,19,30,31/03/2026
2,2020,10,34,44,31/03/2026
2,2021,9,86,95,31/03/2026
2,2022,10,89,99,31/03/2026
2,2023,16,38,54,31/03/2026
2,2024,12,73,85,31/03/2026
2,2025,14,70,84,31/03/2026
2,2026,4,36,40,31/03/2026
2,2027,11,69,80,31/03/2026
2,2028,19,76,95,31/03/2026
2,2029,10,76,86,31/03/2026
2,2030,11,70,81,31/03/2026
2,2031,10,18,28,31/03/2026
2,2032,14,22,36,31/03/2026
2,2033,12,36,48,31/03/2026
2,2034,16,25,41,31/03/2026
2,2035,11,89,100,31/03/2026
2,2036,7,83,90,31/03/2026
2,2037,11,45,56,31/03/2026
2,2038,12,83,95,31/03/2026
2,2039,5,33,38,31/03/2026
2,2040,12,88,100,31/03/2026
2,2041,7,23,30,31/03/2026
2,2042,13,80,93,31/03/2026
2,2043,16,61,77,31/03/2026
2,2044,5,70,75,31/03/2026
2,2045,9,23,32,31/03/2026
2,2046,13,85,98,31/03/2026
2,2047,9,32,41,31/03/2026
2,2048,10,51,61,31/03/2026
2,2049,9,62,71,31/03/2026
2,2050,7,84,91,31/03/2026
2,2051,7,28,35,31/03/2026
2,2052,7,31,38,31/03/2026
2,2053,6,63,69,31/03/2026
2,2054,16,78,94,31/03/2026
2,2055,14,80,94,31/03/2026
2,2056,6,77,83,31/03/2026
2,2057,6,89,95,31/03/2026
2,2058,5,67,72,31/03/2026
2,2059,12,36,48,31/03/2026
2,2060,16,22,38,31/03/2026
2,2061,11,29,40,31/03/2026
2,2062,14,43,57,31/03/2026
2,2063,16,54,70,31/03/2026
2,2064,6,35,41,31/03/2026
2,2065,11,20,31,31/03/2026
2,2066,9,64,73,31/03/2026
2,2067,6,85,91,31/03/2026
2,2068,8,34,42,31/03/2026
2,2069,6,83,89,31/03/2026
2,2070,9,17,26,31/03/2026
2,2071,17,42,59,31/03/2026
2,2072,9,80,89,31/03/2026
2,2073,13,87,100,31/03/2026
2,2074,2,94,96,31/03/2026
2,2075,7,78,85,31/03/2026
2,2076,9,35,44,31/03/2026
2,2077,9,90,99,31/03/2026
2,2078,4,32,36,31/03/2026
2,2079,6,77,83,31/03/2026
2,2080,10,16,26,31/03/2026
2,2081,7,22,29,31/03/2026
2,2082,7,70,77,31/03/2026
2,2083,13,10,23,31/03/2026
2,2084,11,85,96,31/03/2026
2,2085,10,79,89,31/03/2026
2,2086,10,88,98,31/03/2026
2,2087,1,96,97,31/03/2026
2,2088,9,65,74,31/03/2026
2,2089,17,12,29,31/03/2026
2,2090,10,25,35,31/03/2026
2,2091,8,80,88,31/03/2026
2,2092,15,48,63,31/03/2026
2,2093,13,34,47,31/03/2026
2,2094,10,41,51,31/03/2026
2,2095,10,11,21,31/03/2026
2,2096,7,64,71,31/03/2026
2,2097,7,28,35,31/03/2026
2,2098,5,83,88,31/03/2026
2,2099,12,50,62,31/03/2026
2,2100,8,84,92,31/03/2026
2,2101,7,76,83,31/03/2026
2,2102,5,28,33,31/03/2026
2,2103,9,81,90,31/03/2026
2,2104,6,18,24,31/03/2026
2,2105,9,66,75,31/03/2026
2,2106,19,29,48,31/03/2026
2,2107,8,90,98,31/03/2026
2,2108,5,73,78,31/03/2026
2,2109,5,80,85,31/03/2026
2,2110,14,60,74,31/03/2026
2,2111,6,28,34,31/03/2026
2,2112,11,64,75,31/03/2026
2,2113,8,22,30,31/03/2026
2,2114,11,56,67,31/03/2026
2,2115,13,87,100,31/03/2026
2,2116,8,54,62,31/03/2026
2,2117,8,59,67,31/03/2026
2,2118,7,20,27,31/03/2026
2,2119,6,80,86,31/03/2026
2,2120,5,67,72,31/03/2026
3,2001,15,79,94,31/03/2026
3,2002,6,28,34,31/03/2026
3,2003,10,45,55,31/03/2026
3,2004,11,59,70,31/03/2026
3,2005,6,77,83,31/03/2026
3,2006,12,88,100,31/03/2026
3,2007,8,80,88,31/03/2026
3,2008,12,84,96,31/03/2026
3,2009,17,42,59,31/03/2026
3,2010,9,12,21,31/03/2026
3,2011,8,85,93,31/03/2026
3,2012,10,11,21,31/03/2026
3,2013,8,88,96,31/03/2026
3,2014,10,46,56,31/03/2026
3,2015,7,54,61,31/03/2026
3,2016,6,63,69,31/03/2026
3,2017,17,62,79,31/03/2026
3,2018,6,43,49,31/03/2026
3,2019,21,11,32,31/03/2026
3,2020,7,64,71,31/03/2026
3,2021,9,16,25,31/03/2026
3,2022,10,90,100,31/03/2026
3,2023,10,20,30,31/03/2026
3,2024,8,26,34,31/03/2026
3,2025,6,68,74,31/03/2026
3,2026,10,49,59,31/03/2026
3,2027,12,61,73,31/03/2026
3,2028,14,76,90,31/03/2026
3,2029,10,65,75,31/03/2026
3,2030,17,25,42,31/03/2026
3,2031,12,26,38,31/03/2026
3,2032,9,82,91,31/03/2026
3,2033,11,9,20,31/03/2026
3,2034,5,75,80,31/03/2026
3,2035,6,53,59,31/03/2026
3,2036,9,66,75,31/03/2026
3,2037,12,40,52,31/03/2026
3,2038,10,40,50,31/03/2026
3,2039,13,73,86,31/03/2026
3,2040,9,29,38,31/03/2026
3,2041,8,16,24,31/03/2026
3,2042,4,18,22,31/03/2026
3,2043,8,17,25,31/03/2026
3,2044,13,53,66,31/03/2026
3,2045,10,59,69,31/03/2026
3,2046,7,71,78,31/03/2026
3,2047,8,43,51,31/03/2026
3,2048,11,88,99,31/03/2026
3,2049,13,26,39,31/03/2026
3,2050,11,34,45,31/03/2026
3,2051,5,75,80,31/03/2026
3,2052,10,85,95,31/03/2026
3,2053,5,49,54,31/03/2026
3,2054,6,60,66,31/03/2026
3,2055,13,7,20,31/03/2026
3,2056,8,70,78,31/03/2026
3,2057,9,55,64,31/03/2026
3,2058,12,31,43,31/03/2026
3,2059,10,54,64,31/03/2026
3,2060,10,43,53,31/03/2026
3,2061,12,64,76,31/03/2026
3,2062,7,75,82,31/03/2026
3,2063,8,42,50,31/03/2026
3,2064,12,55,67,31/03/2026
3,2065,11,49,60,31/03/2026
3,2066,5,18,23,31/03/2026
3,2067,14,79,93,31/03/2026
3,2068,5,43,48,31/03/2026
3,2069,7,64,71,31/03/2026
3,2070,9,47,56,31/03/2026
3,2071,14,50,64,31/03/2026
3,2072,6,94,100,31/03/2026
3,2073,8,86,94,31/03/2026
3,2074,10,86,96,31/03/2026
3,2075,16,7,23,31/03/2026
3,2076,8,85,93,31/03/2026
3,2077,13,54,67,31/03/2026
3,2078,14,77,91,31/03/2026
3,2079,7,74,81,31/03/2026
3,2080,17,57,74,31/03/2026
3,2081,15,72,87,31/03/2026
3,2082,14,20,34,31/03/2026
3,2083,11,78,89,31/03/2026
3,2084,10,46,56,31/03/2026
3,2085,13,49,62,31/03/2026
3,2086,11,49,60,31/03/2026
3,2087,10,35,45,31/03/2026
3,2088,12,17,29,31/03/2026
3,2089,10,56,66,31/03/2026
3,2090,8,68,76,31/03/2026
3,2091,9,64,73,31/03/2026
3,2092,8,55,63,31/03/2026
3,2093,11,74,85,31/03/2026
3,2094,4,84,88,31/03/2026
3,2095,8,50,58,31/03/2026
3,2096,7,61,68,31/03/2026
3,2097,9,87,96,31/03/2026
3,2098,7,59,66,31/03/2026
3,2099,10,80,90,31/03/2026
3,2100,10,30,40,31/03/2026
3,2101,12,46,58,31/03/2026
3,2102,6,43,49,31/03/2026
3,2103,6,52,58,31/03/2026
3,2104,10,10,20,31/03/2026
3,2105,7,81,88,31/03/2026
3,2106,6,29,35,31/03/2026
3,2107,14,16,30,31/03/2026
3,2108,7,75,82,31/03/2026
3,2109,6,72,78,31/03/2026
3,2110,4,74,78,31/03/2026
3,2111,11,76,87,31/03/2026
3,2112,14,41,55,31/03/2026
3,2113,7,93,100,31/03/2026
3,2114,11,19,30,31/03/2026
3,2115,15,30,45,31/03/2026
3,2116,13,81,94,31/03/2026
3,2117,11,16,27,31/03/2026
3,2118,14,53,67,31/03/2026
3,2119,7,91,98,31/03/2026
3,2120,7,87,94,31/03/2026
4,2001,12,17,29,31/03/2026
4,2002,7,25,32,31/03/2026
4,2003,7,88,95,31/03/2026
4,2004,6,43,49,31/03/2026
4,2005,16,13,29,31/03/2026
4,2006,12,23,35,31/03/2026
4,2007,5,54,59,31/03/2026
4,2008,6,46,52,31/03/2026
4,2009,10,15,25,31/03/2026
4,2010,17,29,46,31/03/2026
4,2011,7,27,34,31/03/2026
4,2012,9,44,53,31/03/2026
4,2013,12,42,54,31/03/2026
4,2014,12,44,56,31/03/2026
4,2015,7,56,63,31/03/2026
4,2016,3,25,28,31/03/2026
4,2017,10,69,79,31/03/2026
4,2018,9,48,57,31/03/2026
4,2019,10,46,56,31/03/2026
4,2020,8,30,38,31/03/2026
4,2021,13,64,77,31/03/2026
4,2022,9,29,38,31/03/2026
4,2023,5,51,56,31/03/2026
4,2024,11,35,46,31/03/2026
4,2025,6,80,86,31/03/2026
4,2026,7,28,35,31/03/2026
4,2027,7,64,71,31/03/2026
4,2028,7,49,56,31/03/2026
4,2029,8,92,100,31/03/2026
4,2030,14,52,66,31/03/2026
4,2031,8,68,76,31/03/2026
4,2032,7,35,42,31/03/2026
4,2033,7,88,95,31/03/2026
4,2034,8,91,99,31/03/2026
4,2035,8,69,77,31/03/2026
4,2036,6,19,25,31/03/2026
4,2037,9,85,94,31/03/2026
4,2038,10,60,70,31/03/2026
4,2039,7,15,22,31/03/2026
4,2040,7,70,77,31/03/2026
4,2041,13,10,23,31/03/2026
4,2042,11,73,84,31/03/2026
4,2043,10,85,95,31/03/2026
4,2044,7,64,71,31/03/2026
4,2045,10,89,99,31/03/2026
4,2046,13,8,21,31/03/2026
4,2047,9,11,20,31/03/2026
4,2048,10,83,93,31/03/2026
4,2049,6,45,51,31/03/2026
4,2050,9,64,73,31/03/2026
4,2051,9,56,65,31/03/2026
4,2052,8,31,39,31/03/2026
4,2053,6,59,65,31/03/2026
4,2054,7,20,27,31/03/2026
4,2055,2,53,55,31/03/2026
4,2056,4,35,39,31/03/2026
4,2057,13,16,29,31/03/2026
4,2058,12,28,40,31/03/2026
4,2059,12,42,54,31/03/2026
4,2060,11,64,75,31/03/2026
4,2061,12,63,75,31/03/2026
4,2062,13,43,56,31/03/2026
4,2063,6,40,46,31/03/2026
4,2064,6,60,66,31/03/2026
4,2065,5,55,60,31/03/2026
4,2066,13,25,38,31/03/2026
4,2067,12,28,40,31/03/2026
4,2068,11,60,71,31/03/2026
4,2069,11,32,43,31/03/2026
4,2070,14,68,82,31/03/2026
4,2071,11,57,68,31/03/2026
4,2072,13,31,44,31/03/2026
4,2073,12,80,92,31/03/2026
4,2074,7,50,57,31/03/2026
4,2075,13,55,68,31/03/2026
4,2076,8,80,88,31/03/2026
4,2077,9,87,96,31/03/2026
4,2078,7,19,26,31/03/2026
4,2079,4,82,86,31/03/2026
4,2080,10,72,82,31/03/2026
4,2081,16,64,80,31/03/2026
4,2082,8,57,65,31/03/2026
4,2083,8,81,89,31/03/2026
4,2084,5,56,61,31/03/2026
4,2085,7,36,43,31/03/2026
4,2086,9,75,84,31/03/2026
4,2087,14,24,38,31/03/2026
4,2088,13,46,59,31/03/2026
4,2089,13,39,52,31/03/2026
4,2090,11,32,43,31/03/2026
4,2091,5,50,55,31/03/2026
4,2092,14,51,65,31/03/2026
4,2093,6,45,51,31/03/2026
4,2094,15,71,86,31/03/2026
4,2095,11,83,94,31/03/2026
4,2096,9,79,88,31/03/2026
4,2097,9,38,47,31/03/2026
4,2098,9,14,23,31/03/2026
4,2099,8,69,77,31/03/2026
4,2100,14,37,51,31/03/2026
4,2101,1,81,82,31/03/2026
4,2102,7,72,79,31/03/2026
4,2103,10,25,35,31/03/2026
4,2104,5,45,50,31/03/2026
4,2105,5,47,52,31/03/2026
4,2106,7,31,38,31/03/2026
4,2107,8,42,50,31/03/2026
4,2108,7,49,56,31/03/2026
4,2109,16,63,79,31/03/2026
4,2110,5,59,64,31/03/2026
4,2111,11,70,81,31/03/2026
4,2112,9,19,28,31/03/2026
4,2113,11,66,77,31/03/2026
4,2114,11,84,95,31/03/2026
4,2115,12,76,88,31/03/2026
4,2116,11,54,65,31/03/2026
4,2117,16,76,92,31/03/2026
4,2118,18,37,55,31/03/2026
4,2119,5,66,71,31/03/2026
4,2120,10,51,61,31/03/2026
5,2001,11,58,69,31/03/2026
5,2002,9,88,97,31/03/2026
5,2003,7,92,99,31/03/2026
5,2004,7,90,97,31/03/2026
5,2005,9,26,35,31/03/2026
5,2006,17,70,87,31/03/2026
5,2007,10,30,40,31/03/2026
5,2008,9,71,80,31/03/2026
5,2009,14,58,72,31/03/2026
5,2010,11,19,30,31/03/2026
5,2011,17,59,76,31/03/2026
5,2012,10,58,68,31/03/2026
5,2013,12,40,52,31/03/2026
5,2014,9,61,70,31/03/2026
5,2015,7,19,26,31/03/2026
5,2016,11,78,89,31/03/2026
5,2017,6,34,40,31/03/2026
5,2018,11,28,39,31/03/2026
5,2019,8,56,64,31/03/2026
5,2020,6,71,77,31/03/2026
5,2021,11,9,20,31/03/2026
5,2022,8,77,85,31/03/2026
5,2023,8,46,54,31/03/2026
5,2024,11,29,40,31/03/2026
5,2025,7,18,25,31/03/2026
5,2026,8,13,21,31/03/2026
5,2027,18,52,70,31/03/2026
5,2028,15,28,43,31/03/2026
5,2029,8,89,97,31/03/2026
5,2030,14,36,50,31/03/2026
5,2031,16,67,83,31/03/2026
5,2032,13,81,94,31/03/2026
5,2033,13,7,20,31/03/2026
5,2034,11,14,25,31/03/2026
5,2035,13,65,78,31/03/2026
5,2036,13,77,90,31/03/2026
5,2037,6,89,95,31/03/2026
5,2038,16,61,77,31/03/2026
5,2039,6,77,83,31/03/2026
5,2040,5,29,34,31/03/2026
5,2041,9,40,49,31/03/2026
5,2042,15,63,78,31/03/2026
5,2043,17,67,84,31/03/2026
5,2044,9,69,78,31/03/2026
5,2045,14,61,75,31/03/2026
5,2046,7,42,49,31/03/2026
5,2047,10,51,61,31/03/2026
5,2048,9,90,99,31/03/2026
5,2049,6,15,21,31/03/2026
5,2050,8,39,47,31/03/2026
5,2051,10,33,43,31/03/2026
5,2052,13,43,56,31/03/2026
5,2053,9,26,35,31/03/2026
5,2054,10,73,83,31/03/2026
5,2055,8,49,57,31/03/2026
5,2056,17,65,82,31/03/2026
5,2057,9,13,22,31/03/2026
5,2058,14,16,30,31/03/2026
5,2059,10,52,62,31/03/2026
5,2060,9,16,25,31/03/2026
5,2061,8,41,49,31/03/2026
5,2062,8,31,39,31/03/2026
5,2063,12,68,80,31/03/2026
5,2064,17,11,28,31/03/2026
5,2065,7,26,33,31/03/2026
5,2066,9,60,69,31/03/2026
5,2067,9,30,39,31/03/2026
5,2068,10,56,66,31/03/2026
5,2069,10,30,40,31/03/2026
5,2070,9,68,77,31/03/2026
5,2071,13,23,36,31/03/2026
5,2072,14,12,26,31/03/2026
5,2073,11,83,94,31/03/2026
5,2074,12,36,48,31/03/2026
5,2075,8,49,57,31/03/2026
5,2076,12,31,43,31/03/2026
5,2077,8,48,56,31/03/2026
5,2078,12,57,69,31/03/2026
5,2079,12,59,71,31/03/2026
5,2080,13,48,61,31/03/2026
5,2081,20,75,95,31/03/2026
5,2082,15,18,33,31/03/2026
5,2083,9,78,87,31/03/2026
5,2084,9,37,46,31/03/2026
5,2085,10,17,27,31/03/2026
5,2086,14,53,67,31/03/2026
5,2087,17,7,24,31/03/2026
5,2088,13,46,59,31/03/2026
5,2089,10,25,35,31/03/2026
5,2090,14,63,77,31/03/2026
5,2091,2,62,64,31/03/2026
5,2092,5,19,24,31/03/2026
5,2093,7,81,88,31/03/2026
5,2094,8,79,87,31/03/2026
5,2095,17,5,22,31/03/2026
5,2096,15,85,100,31/03/2026
5,2097,4,83,87,31/03/2026
5,2098,14,70,84,31/03/2026
5,2099,9,79,88,31/03/2026
5,2100,15,15,30,31/03/2026
5,2101,9,19,28,31/03/2026
5,2102,11,83,94,31/03/2026
5,2103,13,40,53,31/03/2026
5,2104,11,20,31,31/03/2026
5,2105,13,31,44,31/03/2026
5,2106,11,70,81,31/03/2026
5,2107,8,36,44,31/03/2026
5,2108,10,68,78,31/03/2026
5,2109,9,68,77,31/03/2026
5,2110,5,42,47,31/03/2026
5,2111,12,25,37,31/03/2026
5,2112,8,14,22,31/03/2026
5,2113,8,84,92,31/03/2026
5,2114,16,61,77,31/03/2026
5,2115,13,31,44,31/03/2026
5,2116,9,39,48,31/03/2026
5,2117,11,57,68,31/03/2026
5,2118,12,87,99,31/03/2026
5,2119,6,37,43,31/03/2026
5,2120,11,26,37,31/03/2026
6,2001,14,24,38,31/03/2026
6,2002,7,71,78,31/03/2026
6,2003,8,24,32,31/03/2026
6,2004,9,90,99,31/03/2026
6,2005,5,31,36,31/03/2026
6,2006,11,51,62,31/03/2026
6,2007,7,52,59,31/03/2026
6,2008,9,29,38,31/03/2026
6,2009,7,62,69,31/03/2026
6,2010,13,30,43,31/03/2026
6,2011,13,27,40,31/03/2026
6,2012,12,86,98,31/03/2026
6,2013,4,42,46,31/03/2026
6,2014,7,74,81,31/03/2026
6,2015,16,52,68,31/03/2026
6,2016,8,20,28,31/03/2026
6,2017,7,33,40,31/03/2026
6,2018,9,39,48,31/03/2026
6,2019,7,84,91,31/03/2026
6,2020,4,61,65,31/03/2026
6,2021,19,56,75,31/03/2026
6,2022,13,70,83,31/03/2026
6,2023,10,79,89,31/03/2026
6,2024,13,71,84,31/03/2026
6,2025,8,88,96,31/03/2026
6,2026,12,69,81,31/03/2026
6,2027,5,26,31,31/03/2026
6,2028,9,91,100,31/03/2026
6,2029,9,73,82,31/03/2026
6,2030,9,18,27,31/03/2026
6,2031,12,26,38,31/03/2026
6,2032,15,16,31,31/03/2026
6,2033,6,15,21,31/03/2026
6,2034,13,87,100,31/03/2026
6,2035,9,29,38,31/03/2026
6,2036,12,9,21,31/03/2026
6,2037,11,37,48,31/03/2026
6,2038,18,77,95,31/03/2026
6,2039,12,33,45,31/03/2026
6,2040,14,86,100,31/03/2026
6,2041,12,25,37,31/03/2026
6,2042,16,52,68,31/03/2026
6,2043,5,47,52,31/03/2026
6,2044,10,12,22,31/03/2026
6,2045,13,34,47,31/03/2026
6,2046,8,28,36,31/03/2026
6,2047,15,72,87,31/03/2026
6,2048,15,8,23,31/03/2026
6,2049,6,85,91,31/03/2026
6,2050,7,60,67,31/03/2026
6,2051,12,51,63,31/03/2026
6,2052,10,72,82,31/03/2026
6,2053,5,30,35,31/03/2026
6,2054,6,71,77,31/03/2026
6,2055,15,78,93,31/03/2026
6,2056,8,50,58,31/03/2026
6,2057,13,86,99,31/03/2026
6,2058,2,44,46,31/03/2026
6,2059,10,51,61,31/03/2026
6,2060,7,21,28,31/03/2026
6,2061,9,30,39,31/03/2026
6,2062,7,48,55,31/03/2026
6,2063,10,36,46,31/03/2026
6,2064,9,32,41,31/03/2026
6,2065,8,69,77,31/03/2026
6,2066,10,24,34,31/03/2026
6,2067,5,51,56,31/03/2026
6,2068,12,18,30,31/03/2026
6,2069,12,83,95,31/03/2026
6,2070,16,59,75,31/03/2026
6,2071,10,89,99,31/03/2026
6,2072,15,54,69,31/03/2026
6,2073,13,32,45,31/03/2026
6,2074,13,29,42,31/03/2026
6,2075,11,44,55,31/03/2026
6,2076,12,53,65,31/03/2026
6,2077,17,41,58,31/03/2026
6,2078,5,56,61,31/03/2026
6,2079,10,41,51,31/03/2026
6,2080,10,13,23,31/03/2026
6,2081,13,36,49,31/03/2026
6,2082,8,20,28,31/03/2026
6,2083,6,27,33,31/03/2026
6,2084,9,54,63,31/03/2026
6,2085,5,78,83,31/03/2026
6,2086,15,39,54,31/03/2026
6,2087,8,37,45,31/03/2026
6,2088,12,27,39,31/03/2026
6,2089,7,22,29,31/03/2026
6,2090,17,37,54,31/03/2026
6,2091,9,15,24,31/03/2026
6,2092,6,91,97,31/03/2026
6,2093,9,75,84,31/03/2026
6,2094,11,65,76,31/03/2026
6,2095,10,37,47,31/03/2026
6,2096,12,45,57,31/03/2026
6,2097,17,77,94,31/03/2026
6,2098,14,71,85,31/03/2026
6,2099,15,83,98,31/03/2026
6,2100,2,88,90,31/03/2026
6,2101,18,31,49,31/03/2026
6,2102,8,68,76,31/03/2026
6,2103,10,82,92,31/03/2026
6,2104,14,20,34,31/03/2026
6,2105,15,42,57,31/03/2026
6,2106,11,38,49,31/03/2026
6,2107,10,82,92,31/03/2026
6,2108,10,79,89,31/03/2026
6,2109,9,47,56,31/03/2026
6,2110,12,43,55,31/03/2026
6,2111,12,62,74,31/03/2026
6,2112,10,71,81,31/03/2026
6,2113,6,92,98,31/03/2026
6,2114,10,80,90,31/03/2026
6,2115,5,52,57,31/03/2026
6,2116,9,21,30,31/03/2026
6,2117,9,55,64,31/03/2026
6,2118,4,67,71,31/03/2026
6,2119,8,34,42,31/03/2026
6,2120,7,46,53,31/03/2026
7,2001,12,81,93,31/03/2026
7,2002,8,24,32,31/03/2026
7,2003,12,35,47,31/03/2026
7,2004,10,80,90,31/03/2026
7,2005,16,10,26,31/03/2026
7,2006,11,21,32,31/03/2026
7,2007,8,38,46,31/03/2026
7,2008,15,33,48,31/03/2026
7,2009,6,56,62,31/03/2026
7,2010,9,88,97,31/03/2026
7,2011,11,56,67,31/03/2026
7,2012,12,11,23,31/03/2026
7,2013,12,80,92,31/03/2026
7,2014,6,85,91,31/03/2026
7,2015,13,77,90,31/03/2026
7,2016,10,48,58,31/03/2026
7,2017,15,48,63,31/03/2026
7,2018,7,70,77,31/03/2026
7,2019,18,26,44,31/03/2026
7,2020,6,92,98,31/03/2026
7,2021,14,32,46,31/03/2026
7,2022,12,70,82,31/03/2026
7,2023,3,75,78,31/03/2026
7,2024,8,14,22,31/03/2026
7,2025,10,78,88,31/03/2026
7,2026,13,7,20,31/03/2026
7,2027,6,54,60,31/03/2026
7,2028,16,7,23,31/03/2026
7,2029,8,89,97,31/03/2026
7,2030,10,61,71,31/03/2026
7,2031,7,63,70,31/03/2026
7,2032,14,70,84,31/03/2026
7,2033,11,35,46,31/03/2026
7,2034,10,29,39,31/03/2026
7,2035,6,23,29,31/03/2026
7,2036,9,77,86,31/03/2026
7,2037,16,17,33,31/03/2026
7,2038,8,31,39,31/03/2026
7,2039,9,34,43,31/03/2026
7,2040,6,50,56,31/03/2026
7,2041,6,28,34,31/03/2026
7,2042,6,46,52,31/03/2026
7,2043,18,15,33,31/03/2026
7,2044,5,59,64,31/03/2026
7,2045,11,71,82,31/03/2026
7,2046,6,80,86,31/03/2026
7,2047,3,53,56,31/03/2026
7,2048,7,18,25,31/03/2026
7,2049,12,36,48,31/03/2026
7,2050,9,55,64,31/03/2026
7,2051,6,80,86,31/03/2026
7,2052,4,41,45,31/03/2026
7,2053,8,34,42,31/03/2026
7,2054,4,45,49,31/03/2026
7,2055,10,70,80,31/03/2026
7,2056,5,32,37,31/03/2026
7,2057,4,51,55,31/03/2026
7,2058,9,29,38,31/03/2026
7,2059,6,16,22,31/03/2026
7,2060,6,85,91,31/03/2026
7,2061,9,16,25,31/03/2026
7,2062,7,56,63,31/03/2026
7,2063,10,37,47,31/03/2026
7,2064,3,23,26,31/03/2026
7,2065,16,39,55,31/03/2026
7,2066,13,47,60,31/03/2026
7,2067,13,29,42,31/03/2026
7,2068,4,26,30,31/03/2026
7,2069,12,56,68,31/03/2026
7,2070,11,38,49,31/03/2026
7,2071,7,49,56,31/03/2026
7,2072,8,36,44,31/03/2026
7,2073,10,56,66,31/03/2026
7,2074,9,57,66,31/03/2026
7,2075,6,62,68,31/03/2026
7,2076,7,63,70,31/03/2026
7,2077,9,89,98,31/03/2026
7,2078,7,60,67,31/03/2026
7,2079,8,37,45,31/03/2026
7,2080,3,37,40,31/03/2026
7,2081,11,79,90,31/03/2026
7,2082,12,43,55,31/03/2026
7,2083,9,75,84,31/03/2026
7,2084,11,12,23,31/03/2026
7,2085,9,41,50,31/03/2026
7,2086,12,36,48,31/03/2026
7,2087,7,71,78,31/03/2026
7,2088,16,41,57,31/03/2026
7,2089,12,10,22,31/03/2026
7,2090,10,29,39,31/03/2026
7,2091,7,31,38,31/03/2026
7,2092,7,83,90,31/03/2026
7,2093,5,55,60,31/03/2026
7,2094,6,43,49,31/03/2026
7,2095,10,22,32,31/03/2026
7,2096,12,67,79,31/03/2026
7,2097,9,79,88,31/03/2026
7,2098,12,79,91,31/03/2026
7,2099,11,48,59,31/03/2026
7,2100,14,28,42,31/03/2026
7,2101,7,35,42,31/03/2026
7,2102,13,20,33,31/03/2026
7,2103,11,15,26,31/03/2026
7,2104,8,78,86,31/03/2026
7,2105,5,33,38,31/03/2026
7,2106,21,60,81,31/03/2026
7,2107,11,44,55,31/03/2026
7,2108,9,78,87,31/03/2026
7,2109,12,33,45,31/03/2026
7,2110,10,24,34,31/03/2026
7,2111,7,21,28,31/03/2026
7,2112,7,48,55,31/03/2026
7,2113,7,63,70,31/03/2026
7,2114,17,49,66,31/03/2026
7,2115,11,44,55,31/03/2026
7,2116,7,58,65,31/03/2026
7,2117,7,81,88,31/03/2026
7,2118,6,41,47,31/03/2026
7,2119,14,18,32,31/03/2026
7,2120,9,49,58,31/03/2026
8,2001,5,52,57,31/03/2026
8,2002,13,87,100,31/03/2026
8,2003,10,46,56,31/03/2026
8,2004,7,78,85,31/03/2026
8,2005,14,46,60,31/03/2026
8,2006,6,42,48,31/03/2026
8,2007,16,23,39,31/03/2026
8,2008,10,65,75,31/03/2026
8,2009,8,69,77,31/03/2026
8,2010,10,36,46,31/03/2026
8,2011,11,71,82,31/03/2026
8,2012,8,79,87,31/03/2026
8,2013,19,71,90,31/03/2026
8,2014,12,79,91,31/03/2026
8,2015,11,85,96,31/03/2026
8,2016,13,74,87,31/03/2026
8,2017,12,12,24,31/03/2026
8,2018,13,19,32,31/03/2026
8,2019,14,49,63,31/03/2026
8,2020,12,65,77,31/03/2026
8,2021,7,42,49,31/03/2026
8,2022,8,66,74,31/03/2026
8,2023,7,59,66,31/03/2026
8,2024,3,55,58,31/03/2026
8,2025,14,48,62,31/03/2026
8,2026,8,88,96,31/03/2026
8,2027,11,71,82,31/03/2026
8,2028,17,83,100,31/03/2026
8,2029,8,80,88,31/03/2026
8,2030,9,64,73,31/03/2026
8,2031,9,63,72,31/03/2026
8,2032,10,72,82,31/03/2026
8,2033,12,86,98,31/03/2026
8,2034,11,73,84,31/03/2026
8,2035,12,47,59,31/03/2026
8,2036,14,75,89,31/03/2026
8,2037,10,73,83,31/03/2026
8,2038,15,23,38,31/03/2026
8,2039,10,21,31,31/03/2026
8,2040,7,49,56,31/03/2026
8,2041,9,44,53,31/03/2026
8,2042,9,52,61,31/03/2026
8,2043,5,61,66,31/03/2026
8,2044,6,32,38,31/03/2026
8,2045,13,18,31,31/03/2026
8,2046,9,67,76,31/03/2026
8,2047,8,26,34,31/03/2026
8,2048,12,38,50,31/03/2026
8,2049,7,23,30,31/03/2026
8,2050,15,48,63,31/03/2026
8,2051,7,88,95,31/03/2026
8,2052,7,91,98,31/03/2026
8,2053,10,69,79,31/03/2026
8,2054,8,14,22,31/03/2026
8,2055,7,24,31,31/03/2026
8,2056,5,22,27,31/03/2026
8,2057,9,80,89,31/03/2026
8,2058,9,58,67,31/03/2026
8,2059,7,37,44,31/03/2026
8,2060,10,41,51,31/03/2026
8,2061,10,15,25,31/03/2026
8,2062,7,86,93,31/03/2026
8,2063,1,29,30,31/03/2026
8,2064,10,77,87,31/03/2026
8,2065,12,51,63,31/03/2026
8,2066,9,49,58,31/03/2026
8,2067,11,35,46,31/03/2026
8,2068,8,67,75,31/03/2026
8,2069,10,30,40,31/03/2026
8,2070,5,71,76,31/03/2026
8,2071,13,56,69,31/03/2026
8,2072,7,40,47,31/03/2026
8,2073,3,71,74,31/03/2026
8,2074,5,94,99,31/03/2026
8,2075,10,47,57,31/03/2026
8,2076,8,53,61,31/03/2026
8,2077,8,36,44,31/03/2026
8,2078,6,18,24,31/03/2026
8,2079,13,87,100,31/03/2026
8,2080,5,89,94,31/03/2026
8,2081,13,20,33,31/03/2026
8,2082,4,94,98,31/03/2026
8,2083,16,40,56,31/03/2026
8,2084,9,25,34,31/03/2026
8,2085,6,67,73,31/03/2026
8,2086,13,79,92,31/03/2026
8,2087,9,46,55,31/03/2026
8,2088,15,7,22,31/03/2026
8,2089,10,36,46,31/03/2026
8,2090,6,54,60,31/03/2026
8,2091,7,47,54,31/03/2026
8,2092,11,81,92,31/03/2026
8,2093,5,24,29,31/03/2026
8,2094,9,76,85,31/03/2026
8,2095,8,34,42,31/03/2026
8,2096,8,45,53,31/03/2026
8,2097,6,31,37,31/03/2026
8,2098,4,35,39,31/03/2026
8,2099,11,22,33,31/03/2026
8,2100,17,81,98,31/03/2026
8,2101,18,51,69,31/03/2026
8,2102,9,75,84,31/03/2026
8,2103,12,45,57,31/03/2026
8,2104,9,59,68,31/03/2026
8,2105,14,13,27,31/03/2026
8,2106,8,90,98,31/03/2026
8,2107,8,25,33,31/03/2026
8,2108,12,46,58,31/03/2026
8,2109,5,74,79,31/03/2026
8,2110,8,57,65,31/03/2026
8,2111,15,63,78,31/03/2026
8,2112,8,70,78,31/03/2026
8,2113,15,76,91,31/03/2026
8,2114,7,80,87,31/03/2026
8,2115,6,51,57,31/03/2026
8,2116,11,52,63,31/03/2026
8,2117,11,49,60,31/03/2026
8,2118,10,32,42,31/03/2026
8,2119,5,90,95,31/03/2026
8,2120,14,57,71,31/03/2026
9,2001,5,91,96,31/03/2026
9,2002,7,52,59,31/03/2026
9,2003,9,41,50,31/03/2026
9,2004,12,50,62,31/03/2026
9,2005,6,24,30,31/03/2026
9,2006,6,63,69,31/03/2026
9,2007,7,50,57,31/03/2026
9,2008,3,96,99,31/03/2026
9,2009,3,34,37,31/03/2026
9,2010,19,37,56,31/03/2026
9,2011,19,72,91,31/03/2026
9,2012,18,24,42,31/03/2026
9,2013,6,20,26,31/03/2026
9,2014,6,19,25,31/03/2026
9,2015,8,31,39,31/03/2026
9,2016,8,45,53,31/03/2026
9,2017,17,67,84,31/03/2026
9,2018,6,88,94,31/03/2026
9,2019,11,11,22,31/03/2026
9,2020,5,22,27,31/03/2026
9,2021,9,75,84,31/03/2026
9,2022,9,44,53,31/03/2026
9,2023,5,47,52,31/03/2026
9,2024,11,9,20,31/03/2026
9,2025,9,75,84,31/03/2026
9,2026,11,28,39,31/03/2026
9,2027,15,33,48,31/03/2026
9,2028,7,34,41,31/03/2026
9,2029,13,59,72,31/03/2026
9,2030,8,38,46,31/03/2026
9,2031,18,79,97,31/03/2026
9,2032,9,14,23,31/03/2026
9,2033,7,62,69,31/03/2026
9,2034,14,35,49,31/03/2026
9,2035,8,90,98,31/03/2026
9,2036,14,53,67,31/03/2026
9,2037,7,44,51,31/03/2026
9,2038,9,83,92,31/03/2026
9,2039,14,51,65,31/03/2026
9,2040,14,10,24,31/03/2026
9,2041,10,42,52,31/03/2026
9,2042,8,46,54,31/03/2026
9,2043,15,18,33,31/03/2026
9,2044,11,75,86,31/03/2026
9,2045,13,80,93,31/03/2026
9,2046,7,80,87,31/03/2026
9,2047,8,18,26,31/03/2026
9,2048,13,49,62,31/03/2026
9,2049,14,26,40,31/03/2026
9,2050,13,87,100,31/03/2026
9,2051,8,47,55,31/03/2026
9,2052,9,28,37,31/03/2026
9,2053,15,21,36,31/03/2026
9,2054,9,33,42,31/03/2026
9,2055,4,35,39,31/03/2026
9,2056,11,88,99,31/03/2026
9,2057,7,91,98,31/03/2026
9,2058,10,74,84,31/03/2026
9,2059,8,23,31,31/03/2026
9,2060,11,87,98,31/03/2026
9,2061,7,91,98,31/03/2026
9,2062,9,83,92,31/03/2026
9,2063,4,49,53,31/03/2026
9,2064,10,47,57,31/03/2026
9,2065,16,9,25,31/03/2026
9,2066,13,55,68,31/03/2026
9,2067,10,50,60,31/03/2026
9,2068,9,51,60,31/03/2026
9,2069,9,56,65,31/03/2026
9,2070,11,22,33,31/03/2026
9,2071,7,63,70,31/03/2026
9,2072,5,92,97,31/03/2026
9,2073,11,62,73,31/03/2026
9,2074,11,17,28,31/03/2026
9,2075,7,79,86,31/03/2026
9,2076,16,37,53,31/03/2026
9,2077,8,48,56,31/03/2026
9,2078,10,29,39,31/03/2026
9,2079,4,70,74,31/03/2026
9,2080,8,74,82,31/03/2026
9,2081,6,54,60,31/03/2026
9,2082,9,35,44,31/03/2026
9,2083,5,50,55,31/03/2026
9,2084,10,62,72,31/03/2026
9,2085,11,15,26,31/03/2026
9,2086,11,54,65,31/03/2026
9,2087,10,63,73,31/03/2026
9,2088,14,45,59,31/03/2026
9,2089,7,19,26,31/03/2026
9,2090,5,61,66,31/03/2026
9,2091,10,20,30,31/03/2026
9,2092,13,15,28,31/03/2026
9,2093,20,3,23,31/03/2026
9,2094,15,16,31,31/03/2026
9,2095,14,31,45,31/03/2026
9,2096,9,15,24,31/03/2026
9,2097,8,41,49,31/03/2026
9,2098,7,28,35,31/03/2026
9,2099,17,80,97,31/03/2026
9,2100,14,85,99,31/03/2026
9,2101,5,59,64,31/03/2026
9,2102,12,65,77,31/03/2026
9,2103,9,12,21,31/03/2026
9,2104,4,84,88,31/03/2026
9,2105,14,19,33,31/03/2026
9,2106,12,26,38,31/03/2026
9,2107,7,91,98,31/03/2026
9,2108,5,87,92,31/03/2026
9,2109,5,85,90,31/03/2026
9,2110,6,74,80,31/03/2026
9,2111,13,60,73,31/03/2026
9,2112,12,74,86,31/03/2026
9,2113,4,66,70,31/03/2026
9,2114,15,34,49,31/03/2026
9,2115,6,74,80,31/03/2026
9,2116,14,22,36,31/03/2026
9,2117,13,32,45,31/03/2026
9,2118,5,37,42,31/03/2026
9,2119,9,24,33,31/03/2026
9,2120,5,64,69,31/03/2026
10,2001,12,21,33,31/03/2026
10,2002,10,30,40,31/03/2026
10,2003,11,33,44,31/03/2026
10,2004,7,37,44,31/03/2026
10,2005,13,62,75,31/03/2026
10,2006,13,56,69,31/03/2026
10,2007,9,36,45,31/03/2026
10,2008,13,72,85,31/03/2026
10,2009,8,77,85,31/03/2026
10,2010,16,44,60,31/03/2026
10,2011,8,48,56,31/03/2026
10,2012,7,60,67,31/03/2026
10,2013,10,26,36,31/03/2026
10,2014,8,63,71,31/03/2026
10,2015,13,11,24,31/03/2026
10,2016,12,43,55,31/03/2026
10,2017,8,73,81,31/03/2026
10,2018,7,27,34,31/03/2026
10,2019,5,72,77,31/03/2026
10,2020,9,86,95,31/03/2026
10,2021,11,21,32,31/03/2026
10,2022,8,80,88,31/03/2026
10,2023,5,74,79,31/03/2026
10,2024,10,60,70,31/03/2026
10,2025,7,76,83,31/03/2026
10,2026,11,22,33,31/03/2026
10,2027,8,38,46,31/03/2026
10,2028,4,66,70,31/03/2026
10,2029,11,72,83,31/03/2026
10,2030,9,41,50,31/03/2026
10,2031,9,34,43,31/03/2026
10,2032,13,54,67,31/03/2026
10,2033,5,89,94,31/03/2026
10,2034,8,92,100,31/03/2026
10,2035,4,25,29,31/03/2026
10,2036,12,75,87,31/03/2026
10,2037,15,23,38,31/03/2026
10,2038,12,57,69,31/03/2026
10,2039,6,31,37,31/03/2026
10,2040,9,60,69,31/03/2026
10,2041,9,26,35,31/03/2026
10,2042,22,51,73,31/03/2026
10,2043,12,29,41,31/03/2026
10,2044,15,69,84,31/03/2026
10,2045,9,69,78,31/03/2026
10,2046,8,59,67,31/03/2026
10,2047,7,13,20,31/03/2026
10,2048,6,69,75,31/03/2026
10,2049,6,46,52,31/03/2026
10,2050,11,86,97,31/03/2026
10,2051,10,35,45,31/03/2026
10,2052,4,60,64,31/03/2026
10,2053,5,94,99,31/03/2026
10,2054,20,10,30,31/03/2026
10,2055,5,61,66,31/03/2026
10,2056,13,72,85,31/03/2026
10,2057,12,86,98,31/03/2026
10,2058,9,39,48,31/03/2026
10,2059,9,83,92,31/03/2026
10,2060,4,71,75,31/03/2026
10,2061,10,83,93,31/03/2026
10,2062,10,67,77,31/03/2026
10,2063,7,16,23,31/03/2026
10,2064,5,76,81,31/03/2026
10,2065,10,54,64,31/03/2026
10,2066,8,84,92,31/03/2026
10,2067,16,19,35,31/03/2026
10,2068,6,94,100,31/03/2026
10,2069,4,95,99,31/03/2026
10,2070,7,42,49,31/03/2026
10,2071,8,66,74,31/03/2026
10,2072,11,64,75,31/03/2026
10,2073,5,15,20,31/03/2026
10,2074,7,40,47,31/03/2026
10,2075,11,67,78,31/03/2026
10,2076,9,53,62,31/03/2026
10,2077,10,36,46,31/03/2026
10,2078,8,34,42,31/03/2026
10,2079,8,29,37,31/03/2026
10,2080,12,60,72,31/03/2026
10,2081,17,62,79,31/03/2026
10,2082,7,79,86,31/03/2026
10,2083,7,92,99,31/03/2026
10,2084,10,21,31,31/03/2026
10,2085,6,22,28,31/03/2026
10,2086,10,34,44,31/03/2026
10,2087,6,78,84,31/03/2026
10,2088,14,30,44,31/03/2026
10,2089,14,52,66,31/03/2026
10,2090,8,19,27,31/03/2026
10,2091,8,19,27,31/03/2026
10,2092,6,79,85,31/03/2026
10,2093,12,58,70,31/03/2026
10,2094,12,16,28,31/03/2026
10,2095,8,55,63,31/03/2026
10,2096,12,40,52,31/03/2026
10,2097,14,75,89,31/03/2026
10,2098,13,70,83,31/03/2026
10,2099,6,84,90,31/03/2026
10,2100,8,82,90,31/03/2026
10,2101,12,68,80,31/03/2026
10,2102,7,86,93,31/03/2026
10,2103,12,54,66,31/03/2026
10,2104,15,25,40,31/03/2026
10,2105,4,25,29,31/03/2026
10,2106,8,29,37,31/03/2026
10,2107,9,86,95,31/03/2026
10,2108,6,89,95,31/03/2026
10,2109,12,53,65,31/03/2026
10,2110,5,91,96,31/03/2026
10,2111,13,16,29,31/03/2026
10,2112,9,85,94,31/03/2026
10,2113,13,35,48,31/03/2026
10,2114,9,34,43,31/03/2026
10,2115,8,80,88,31/03/2026
10,2116,7,81,88,31/03/2026
10,2117,5,83,88,31/03/2026
10,2118,7,44,51,31/03/2026
10,2119,6,40,46,31/03/2026
10,2120,19,62,81,31/03/2026
